time,grid_import_kw,battery_charge_kw,battery_discharge_kw,electrolyzer_kw,fuel_cell_kw,curtailment_kw,unserved_kw,battery_energy_start_kwh,battery_energy_end_kwh,hydrogen_start_kg,hydrogen_end_kg
2017-01-05 00:00:00+00:00,0,0,0,0,104.44546500000001,0,0,1000.0,1000.0,300.0,298.5392242657343
2017-01-05 00:15:00+00:00,106.76762700000108,0,0,0,0,0,0,1000.0,1000.0,298.5392242657343,298.5392242657343
2017-01-05 00:30:00+00:00,108.98095699999976,0,0,0,0,0,0,1000.0,1000.0,298.5392242657343,298.5392242657343
2017-01-05 00:45:00+00:00,122.17923599999995,0,0,0,0,0,0,1000.0,1000.0,298.5392242657343,298.5392242657343
2017-01-05 01:00:00+00:00,126.58554599999843,0,0,0,0,0,0,1000.0,1000.0,298.5392242657343,298.5392242657343
2017-01-05 01:15:00+00:00,125.04246200000125,0,0,0,0,0,0,1000.0,1000.0,298.5392242657343,298.5392242657343
2017-01-05 01:30:00+00:00,136.71637199999896,0,0,0,0,0,0,1000.0,1000.0,298.5392242657343,298.5392242657343
2017-01-05 01:45:00+00:00,151.42343299999993,0,0,0,0,0,0,1000.0,1000.0,298.5392242657343,298.5392242657343
2017-01-05 02:00:00+00:00,154.9599930000004,0,0,0,0,0,0,1000.0,1000.0,298.5392242657343,298.5392242657343
2017-01-05 02:15:00+00:00,172.96870900000067,0,0,0,0,0,0,1000.0,1000.0,298.5392242657343,298.5392242657343
2017-01-05 02:30:00+00:00,186.05404400000043,0,0,0,0,0,0,1000.0,1000.0,298.5392242657343,298.5392242657343
2017-01-05 02:45:00+00:00,199.33098999999856,0,0,0,0,0,0,1000.0,1000.0,298.5392242657343,298.5392242657343
2017-01-05 03:00:00+00:00,215.0053799999987,0,0,0,0,0,0,1000.0,1000.0,298.5392242657343,298.5392242657343
2017-01-05 03:15:00+00:00,224.68660299999829,0,0,0,0,0,0,1000.0,1000.0,298.5392242657343,298.5392242657343
2017-01-05 03:30:00+00:00,226.31767799999943,0,0,0,0,0,0,1000.0,1000.0,298.5392242657343,298.5392242657343
2017-01-05 03:45:00+00:00,245.53963899999872,0,0,0,0,0,0,1000.0,1000.0,298.5392242657343,298.5392242657343
2017-01-05 04:00:00+00:00,266.838079000001,0,0,0,0,0,0,1000.0,1000.0,298.5392242657343,298.5392242657343
2017-01-05 04:15:00+00:00,282.71075700000074,0,0,0,0,0,0,1000.0,1000.0,298.5392242657343,298.5392242657343
2017-01-05 04:30:00+00:00,197.8723169790028,0,0,0,110.64406402099837,0,0,1000.0,1000.0,298.5392242657343,296.99175483886717
2017-01-05 04:45:00+00:00,111.47808097899906,0,0,0,235.64406402100536,0,0,1000.0,1000.0,296.99175483886717,293.6960336637482
2017-01-05 05:00:00+00:00,132.37229600000137,0,0,0,249.99999999999773,0,0,1000.0,1000.0,293.6960336637482,290.19953016724475
2017-01-05 05:15:00+00:00,299.72667999999976,0,0,0,124.99999999999886,0,0,1000.0,1000.0,290.19953016724475,288.451278418993
2017-01-05 05:30:00+00:00,454.4928590000018,0,0,0,0,0,0,1000.0,1000.0,288.451278418993,288.451278418993
2017-01-05 05:45:00+00:00,486.7270669999998,0,0,0,0,0,0,1000.0,1000.0,288.451278418993,288.451278418993
2017-01-05 06:00:00+00:00,500.0,0,17.197582000000693,0,0,0,0,1000.0,995.3366508292074,288.451278418993,288.451278418993
2017-01-05 06:15:00+00:00,500.0,0,43.38539999999921,0,0,0,0,995.3366508292074,983.5721324734008,288.451278418993,288.451278418993
2017-01-05 06:30:00+00:00,500.0,0,79.1293110000006,0,0,0,0,983.5721324734008,962.1151853957696,288.451278418993,288.451278418993
2017-01-05 06:45:00+00:00,500.0,0,111.55385000000024,0,0,0,0,962.1151853957696,931.8659007058524,288.451278418993,288.451278418993
2017-01-05 07:00:00+00:00,500.0,0,124.88979100000142,0,0,0,0,931.8659007058524,898.0004012827192,288.451278418993,288.451278418993
2017-01-05 07:15:00+00:00,500.0,0,126.9578220000003,0,0,0,0,898.0004012827192,863.5741282200697,288.451278418993,288.451278418993
2017-01-05 07:30:00+00:00,500.0,0,132.47084800000084,0,0,0,0,863.5741282200697,827.6529260897374,288.451278418993,288.451278418993
2017-01-05 07:45:00+00:00,500.0,0,126.94025099999999,0,0,0,0,827.6529260897374,793.2314176334311,288.451278418993,288.451278418993
2017-01-05 08:00:00+00:00,500.0,0,107.7083390000007,0,0,0,0,793.2314176334311,764.0248935207346,288.451278418993,288.451278418993
2017-01-05 08:15:00+00:00,500.0,0,93.60813300000154,0,0,0,0,764.0248935207346,738.6418245866846,288.451278418993,288.451278418993
2017-01-05 08:30:00+00:00,500.0,0,84.79322400000092,0,0,0,0,738.6418245866846,715.6490334588846,288.451278418993,288.451278418993
2017-01-05 08:45:00+00:00,500.0,0,48.81969899999967,0,0,0,0,715.6490334588846,702.410933890586,288.451278418993,288.451278418993
2017-01-05 09:00:00+00:00,500.0,0,30.822439999999915,0,0,0,0,702.410933890586,694.053026365226,288.451278418993,288.451278418993
2017-01-05 09:15:00+00:00,496.7116700000006,0,0,0,0,0,0,694.053026365226,694.053026365226,288.451278418993,288.451278418993
2017-01-05 09:30:00+00:00,463.6863569999987,0,0,0,0,0,0,694.053026365226,694.053026365226,288.451278418993,288.451278418993
2017-01-05 09:45:00+00:00,435.3076890000011,0,0,0,0,0,0,694.053026365226,694.053026365226,288.451278418993,288.451278418993
2017-01-05 10:00:00+00:00,405.3180519999987,0,0,0,0,0,0,694.053026365226,694.053026365226,288.451278418993,288.451278418993
2017-01-05 10:15:00+00:00,384.74249899999995,0,0,0,0,0,0,694.053026365226,694.053026365226,288.451278418993,288.451278418993
2017-01-05 10:30:00+00:00,369.75109000000157,0,0,0,0,0,0,694.053026365226,694.053026365226,288.451278418993,288.451278418993
2017-01-05 10:45:00+00:00,358.3274569999994,0,0,0,0,0,0,694.053026365226,694.053026365226,288.451278418993,288.451278418993
2017-01-05 11:00:00+00:00,355.77169199999844,0,0,0,0,0,0,694.053026365226,694.053026365226,288.451278418993,288.451278418993
2017-01-05 11:15:00+00:00,364.68223099999886,0,0,0,0,0,0,694.053026365226,694.053026365226,288.451278418993,288.451278418993
2017-01-05 11:30:00+00:00,357.9283030000006,0,0,0,0,0,0,694.053026365226,694.053026365226,288.451278418993,288.451278418993
2017-01-05 11:45:00+00:00,377.67413999999917,0,0,0,0,0,0,694.053026365226,694.053026365226,288.451278418993,288.451278418993
2017-01-05 12:00:00+00:00,412.28102600000057,0,0,0,0,0,0,694.053026365226,694.053026365226,288.451278418993,288.451278418993
2017-01-05 12:15:00+00:00,419.583842,0,0,0,0,0,0,694.053026365226,694.053026365226,288.451278418993,288.451278418993
2017-01-05 12:30:00+00:00,439.6650919999993,0,0,0,0,0,0,694.053026365226,694.053026365226,288.451278418993,288.451278418993
2017-01-05 12:45:00+00:00,464.18770900000163,0,0,0,0,0,0,694.053026365226,694.053026365226,288.451278418993,288.451278418993
2017-01-05 13:00:00+00:00,500.0,0,7.616053000001557,0,0,0,0,694.053026365226,691.987834035149,288.451278418993,288.451278418993
2017-01-05 13:15:00+00:00,500.0,0,47.59438500000033,0,0,0,0,691.987834035149,679.0819943755897,288.451278418993,288.451278418993
2017-01-05 13:30:00+00:00,500.0,0,84.14602400000149,0,0,0,0,679.0819943755897,656.2646999881648,288.451278418993,288.451278418993
2017-01-05 13:45:00+00:00,500.0,0,116.5277129999995,0,0,0,0,656.2646999881648,624.6666873261013,288.451278418993,288.451278418993
2017-01-05 14:00:00+00:00,500.0,0,148.69278900000063,0,0,0,0,624.6666873261013,584.3466938359726,288.451278418993,288.451278418993
2017-01-05 14:15:00+00:00,500.0,0,184.35279599999922,0,0,0,0,584.3466938359726,534.3570232904361,288.451278418993,288.451278418993
2017-01-05 14:30:00+00:00,500.0,0,219.01072299999942,0,0,0,0,534.3570232904361,474.9694027809552,288.451278418993,288.451278418993
2017-01-05 14:45:00+00:00,500.0,0,246.88875199999893,0,0,0,0,474.9694027809552,408.0222902789096,288.451278418993,288.451278418993
2017-01-05 15:00:00+00:00,500.0,0,154.24995599999966,0,125.00000000000293,0,0,408.0222902789096,366.19539831192526,288.451278418993,286.7030266707412
2017-01-05 15:15:00+00:00,500.0,0,49.91345000000001,0,249.99999999999773,0,0,366.19539831192526,352.6607138621645,286.7030266707412,283.20652317423776
2017-01-05 15:30:00+00:00,451.7464250000012,0,0,0,375.0000000000007,0,0,352.6607138621645,352.6607138621645,283.20652317423776,277.9617679294825
2017-01-05 15:45:00+00:00,356.58851499999946,0,0,0,499.99999999999955,0,0,352.6607138621645,352.6607138621645,277.9617679294825,270.9687609364755
2017-01-05 16:00:00+00:00,383.1419679999999,0,0,0,499.99999999999955,0,0,352.6607138621645,352.6607138621645,270.9687609364755,263.97575394346853
2017-01-05 16:15:00+00:00,394.42681200000516,0,0,0,499.99999999999955,0,0,352.6607138621645,352.6607138621645,263.97575394346853,256.98274695046155
2017-01-05 16:30:00+00:00,405.7364469999993,0,0,0,499.9999999999975,0,0,352.6607138621645,352.6607138621645,256.98274695046155,249.9897399574546
2017-01-05 16:45:00+00:00,405.0969530000002,0,0,0,500.00000000000153,0,0,352.6607138621645,352.6607138621645,249.9897399574546,242.99673296444757
2017-01-05 17:00:00+00:00,402.6548189999994,0,0,0,499.99999999999955,0,0,352.6607138621645,352.6607138621645,242.99673296444757,236.0037259714406
2017-01-05 17:15:00+00:00,410.8889739999995,0,0,0,499.99999999999955,0,0,352.6607138621645,352.6607138621645,236.0037259714406,229.0107189784336
2017-01-05 17:30:00+00:00,414.39230900000075,0,0,0,499.99999999999955,0,0,352.6607138621645,352.6607138621645,229.0107189784336,222.01771198542662
2017-01-05 17:45:00+00:00,421.1051349999998,0,0,0,500.00000000000153,0,0,352.6607138621645,352.6607138621645,222.01771198542662,215.0247049924196
2017-01-05 18:00:00+00:00,421.39141500000005,0,0,0,499.99999999999955,0,0,352.6607138621645,352.6607138621645,215.0247049924196,208.03169799941261
2017-01-05 18:15:00+00:00,420.3150519999999,0,0,0,499.99999999999955,0,0,352.6607138621645,352.6607138621645,208.03169799941261,201.03869100640563
2017-01-05 18:30:00+00:00,418.92269099999976,0,0,0,499.99999999999955,0,0,352.6607138621645,352.6607138621645,201.03869100640563,194.04568401339864
2017-01-05 18:45:00+00:00,417.0321329999988,0,0,0,500.00000000000153,0,0,352.6607138621645,352.6607138621645,194.04568401339864,187.05267702039163
2017-01-05 19:00:00+00:00,402.4505819999995,0,0,0,500.00000000000153,0,0,352.6607138621645,352.6607138621645,187.05267702039163,180.0596700273846
2017-01-05 19:15:00+00:00,387.710916,0,0,0,499.99999999999955,0,0,352.6607138621645,352.6607138621645,180.0596700273846,173.06666303437763
2017-01-05 19:30:00+00:00,368.71871400000055,0,0,0,499.99999999999955,0,0,352.6607138621645,352.6607138621645,173.06666303437763,166.07365604137064
2017-01-05 19:45:00+00:00,359.6330739999994,0,0,0,499.99999999999955,0,0,352.6607138621645,352.6607138621645,166.07365604137064,159.08064904836365
2017-01-05 20:00:00+00:00,347.41575700000067,0,0,0,500.00000000000153,0,0,352.6607138621645,352.6607138621645,159.08064904836365,152.08764205535664
2017-01-05 20:15:00+00:00,343.68622499999947,0,0,0,499.99999999999955,0,0,352.6607138621645,352.6607138621645,152.08764205535664,145.09463506234965
2017-01-05 20:30:00+00:00,339.253154,0,0,0,499.99999999999955,0,0,352.6607138621645,352.6607138621645,145.09463506234965,138.10162806934267
2017-01-05 20:45:00+00:00,340.8714830000008,0,0,0,499.99999999999955,0,0,352.6607138621645,352.6607138621645,138.10162806934267,131.10862107633568
2017-01-05 21:00:00+00:00,355.97182299999986,0,0,0,500.0000000000005,0,0,352.6607138621645,352.6607138621645,131.10862107633568,124.11561408332868
2017-01-05 21:15:00+00:00,356.9382459999997,0,0,0,500.0000000000005,0,0,352.6607138621645,352.6607138621645,124.11561408332868,117.12260709032168
2017-01-05 21:30:00+00:00,342.15373,0,0,0,499.99999999999955,0,0,352.6607138621645,352.6607138621645,117.12260709032168,110.1296000973147
2017-01-05 21:45:00+00:00,333.3289219999988,0,0,0,500.0000000000005,0,0,352.6607138621645,352.6607138621645,110.1296000973147,103.13659310430769
2017-01-05 22:00:00+00:00,314.9670219999998,0,0,0,500.0000000000005,0,0,352.6607138621645,352.6607138621645,103.13659310430769,96.14358611130069
2017-01-05 22:15:00+00:00,307.00355299999956,0,0,0,499.99999999999955,0,0,352.6607138621645,352.6607138621645,96.14358611130069,89.1505791182937
2017-01-05 22:30:00+00:00,299.05529900000056,0,0,0,500.0000000000005,0,0,352.6607138621645,352.6607138621645,89.1505791182937,82.1575721252867
2017-01-05 22:45:00+00:00,297.98218799999995,0,0,0,499.99999999999955,0,0,352.6607138621645,352.6607138621645,82.1575721252867,75.16456513227972
2017-01-05 23:00:00+00:00,377.2248909999971,0,0,0,416.95515800000277,0,0,352.6607138621645,352.6607138621645,75.16456513227972,69.33302446095101
2017-01-05 23:15:00+00:00,500.0,0,0,0,291.95515799999987,0,0,352.6607138621645,352.6607138621645,69.33302446095101,65.24973553787409
2017-01-05 23:30:00+00:00,500.0,0,37.99199452100142,0,250.17804547899857,0,0,352.6607138621645,342.35868790605866,65.24973553787409,61.75074189481117
2017-01-05 23:45:00+00:00,500.0,0,156.21112252100102,0,125.1780454789987,0,0,342.35868790605866,300.0,61.75074189481117,60.0
